{"milestones":[],"attachments":[],"versions":[],"comments":[],"meta":{"default_milestone":null,"default_assignee":null,"default_kind":"task","default_component":null,"default_version":null},"components":[],"issues":[{"status":"new","priority":"blocker","kind":"task","content_updated_on":null,"voters":[],"title":"Create Animal class","reporter":"nmb_isep","component":null,"watchers":[],"content":"Assign to Instructor only\r\n\r\n```\r\n#!java\r\npublic class Animal {\r\n\r\n\tpublic Animal() {\r\n\t}\r\n}\r\n```\r\nCommit message:\r\nClass Animal Added","assignee":null,"created_on":"2014-02-23T14:59:42.088203+00:00","version":null,"edited_on":null,"milestone":null,"updated_on":"2014-02-23T14:59:42.088203+00:00","id":1},{"status":"new","priority":"major","kind":"task","content_updated_on":null,"voters":[],"title":"Create Bird class","reporter":"nmb_isep","component":null,"watchers":[],"content":"```\r\n#!java\r\npublic class Bird{\r\n\r\n\tpublic Bird() {\r\n\t}\r\n}\r\n```\r\nCommit message:\r\nClass Bird Added","assignee":null,"created_on":"2014-02-23T15:01:09.908343+00:00","version":null,"edited_on":null,"milestone":null,"updated_on":"2014-02-23T15:01:09.908343+00:00","id":2},{"status":"new","priority":"major","kind":"task","content_updated_on":null,"voters":[],"title":"Create Cat class","reporter":"nmb_isep","component":null,"watchers":[],"content":"```\r\n#!java\r\npublic class Cat{\r\n\r\n\tpublic Cat() {\r\n\t}\r\n}\r\n```\r\nCommit message:\r\nClass Cat Added","assignee":null,"created_on":"2014-02-23T15:01:39.227787+00:00","version":null,"edited_on":null,"milestone":null,"updated_on":"2014-02-23T15:01:39.227787+00:00","id":3},{"status":"new","priority":"major","kind":"task","content_updated_on":null,"voters":[],"title":"Create Cow class","reporter":"nmb_isep","component":null,"watchers":[],"content":"```\r\n#!java\r\npublic class Cow{\r\n\r\n\tpublic Cow() {\r\n\t}\r\n}\r\n```\r\nCommit message:\r\nClass Cow Added","assignee":null,"created_on":"2014-02-23T15:02:55.150328+00:00","version":null,"edited_on":null,"milestone":null,"updated_on":"2014-02-23T15:02:55.150328+00:00","id":4},{"status":"new","priority":"major","kind":"task","content_updated_on":null,"voters":[],"title":"Create Cricket class","reporter":"nmb_isep","component":null,"watchers":[],"content":"```\r\n#!java\r\npublic class Cricket{\r\n\r\n\tpublic Cricket() {\r\n\t}\r\n}\r\n```\r\nCommit message:\r\nClass Cricket Added","assignee":null,"created_on":"2014-02-23T15:03:20.612742+00:00","version":null,"edited_on":null,"milestone":null,"updated_on":"2014-02-23T15:03:20.612742+00:00","id":5},{"status":"new","priority":"major","kind":"task","content_updated_on":null,"voters":[],"title":"Create Dog class","reporter":"nmb_isep","component":null,"watchers":[],"content":"```\r\n#!java\r\npublic class Dog{\r\n\r\n\tpublic Dog() {\r\n\t}\r\n}\r\n```\r\nCommit message:\r\nClass Dog Added","assignee":null,"created_on":"2014-02-23T15:03:54.362294+00:00","version":null,"edited_on":null,"milestone":null,"updated_on":"2014-02-23T15:03:54.362294+00:00","id":6},{"status":"new","priority":"major","kind":"task","content_updated_on":null,"voters":[],"title":"Create Donkey class","reporter":"nmb_isep","component":null,"watchers":[],"content":"```\r\n#!java\r\npublic class Donkey{\r\n\r\n\tpublic Donkey() {\r\n\t}\r\n}\r\n```\r\nCommit message:\r\nClass Donkey Added","assignee":null,"created_on":"2014-02-23T15:04:21.141728+00:00","version":null,"edited_on":null,"milestone":null,"updated_on":"2014-02-23T15:04:21.141728+00:00","id":7},{"status":"new","priority":"major","kind":"task","content_updated_on":null,"voters":[],"title":"Create Duck class","reporter":"nmb_isep","component":null,"watchers":[],"content":"```\r\n#!java\r\npublic class Duck {\r\n\r\n\tpublic Duck() {\r\n\t}\r\n}\r\n```\r\nCommit message:\r\nClass Duck Added","assignee":null,"created_on":"2014-02-23T15:04:59.303088+00:00","version":null,"edited_on":null,"milestone":null,"updated_on":"2014-02-23T15:04:59.303088+00:00","id":8},{"status":"new","priority":"major","kind":"task","content_updated_on":null,"voters":[],"title":"Create Pig class","reporter":"nmb_isep","component":null,"watchers":[],"content":"```\r\n#!java\r\npublic class Pig{\r\n\r\n\tpublic Pig () {\r\n\t}\r\n}\r\n```\r\nCommit message:\r\nClass Pig Added","assignee":null,"created_on":"2014-02-23T15:05:45.811836+00:00","version":null,"edited_on":null,"milestone":null,"updated_on":"2014-02-23T15:05:45.811836+00:00","id":9},{"status":"new","priority":"major","kind":"task","content_updated_on":null,"voters":[],"title":"Create Rooster class","reporter":"nmb_isep","component":null,"watchers":[],"content":"```\r\n#!java\r\npublic class Rooster{\r\n\r\n\tpublic Rooster() {\r\n\t}\r\n}\r\n```\r\nCommit message:\r\nClass Rooster Added","assignee":null,"created_on":"2014-02-23T15:06:12.084778+00:00","version":null,"edited_on":null,"milestone":null,"updated_on":"2014-02-23T15:06:12.084778+00:00","id":10},{"status":"new","priority":"major","kind":"task","content_updated_on":null,"voters":[],"title":"Create Sheep class","reporter":"nmb_isep","component":null,"watchers":[],"content":"```\r\n#!java\r\npublic class Sheep{\r\n\r\n\tpublic Sheep() {\r\n\t}\r\n}\r\n```\r\nCommit message:\r\nClass Sheep Added","assignee":null,"created_on":"2014-02-23T15:06:50.124002+00:00","version":null,"edited_on":null,"milestone":null,"updated_on":"2014-02-23T15:06:50.124002+00:00","id":11},{"status":"new","priority":"major","kind":"task","content_updated_on":null,"voters":[],"title":"Create Turkey class","reporter":"nmb_isep","component":null,"watchers":[],"content":"```\r\n#!java\r\npublic class Turkey{\r\n\r\n\tpublic () {\r\n\t}\r\n}\r\n```\r\nCommit message:\r\nClass Turkey Added","assignee":null,"created_on":"2014-02-23T15:07:22.105141+00:00","version":null,"edited_on":null,"milestone":null,"updated_on":"2014-02-23T15:07:22.105141+00:00","id":12},{"status":"new","priority":"minor","kind":"task","content_updated_on":null,"voters":[],"title":"Add sound to Bird","reporter":"nmb_isep","component":null,"watchers":[],"content":"Add the following method to Bird class.\r\n\r\n```\r\n#!java\r\nvoid makeSound() {\r\n\tSystem.out.println(\"piu piu\");\r\n}\r\n```\r\n\r\nCommit message:\r\nAdded sound behaviour to Bird.","assignee":null,"created_on":"2014-02-23T15:08:12.218399+00:00","version":null,"edited_on":null,"milestone":null,"updated_on":"2014-02-23T15:08:12.218399+00:00","id":13},{"status":"new","priority":"minor","kind":"task","content_updated_on":null,"voters":[],"title":"Add sound to Cat","reporter":"nmb_isep","component":null,"watchers":[],"content":"Add the following method to class Cat.\r\n\r\n```\r\n#!java\r\nvoid makeSound() {\r\n\tSystem.out.println(\"miau\");\r\n}\r\n```\r\n\r\nCommit message:\r\nAdded sound behaviour to Cat.","assignee":null,"created_on":"2014-02-23T15:09:02.023521+00:00","version":null,"edited_on":null,"milestone":null,"updated_on":"2014-02-23T15:09:02.023521+00:00","id":14},{"status":"new","priority":"minor","kind":"task","content_updated_on":null,"voters":[],"title":"Add sound to Cow","reporter":"nmb_isep","component":null,"watchers":[],"content":"Add the following method to class Cow.\r\n\r\n```\r\n#!java\r\nvoid makeSound() {\r\n\tSystem.out.println(\"muuuuu\");\r\n}\r\n```\r\n\r\nCommit message:\r\nAdded sound behaviour to Cow.","assignee":null,"created_on":"2014-02-23T15:09:37.051228+00:00","version":null,"edited_on":null,"milestone":null,"updated_on":"2014-02-23T15:09:37.051228+00:00","id":15},{"status":"new","priority":"minor","kind":"task","content_updated_on":null,"voters":[],"title":"Add sound to Cricket","reporter":"nmb_isep","component":null,"watchers":[],"content":"Add the following method to class Cricket.\r\n\r\n```\r\n#!java\r\nvoid makeSound() {\r\n\tSystem.out.println(\"cri cri\");\r\n}\r\n```\r\n\r\nCommit message:\r\nAdded sound behaviour to Cricket.","assignee":null,"created_on":"2014-02-23T15:10:04.056501+00:00","version":null,"edited_on":null,"milestone":null,"updated_on":"2014-02-23T15:10:04.056501+00:00","id":16},{"status":"new","priority":"minor","kind":"task","content_updated_on":null,"voters":[],"title":"Add sound to Dog","reporter":"nmb_isep","component":null,"watchers":[],"content":"Add the following method to class Dog.\r\n\r\n```\r\n#!java\r\nvoid makeSound() {\r\n\tSystem.out.println(\"au au\");\r\n}\r\n```\r\n\r\nCommit message:\r\nAdded sound behaviour to Dog.","assignee":null,"created_on":"2014-02-23T15:11:37.847571+00:00","version":null,"edited_on":null,"milestone":null,"updated_on":"2014-02-23T15:11:37.847571+00:00","id":17},{"status":"new","priority":"minor","kind":"task","content_updated_on":null,"voters":[],"title":"Add sound to Donkey","reporter":"nmb_isep","component":null,"watchers":[],"content":"Add the following method to class Donkey.\r\n\r\n```\r\n#!java\r\nvoid makeSound() {\r\n\tSystem.out.println(\"ió ió\");\r\n}\r\n```\r\n\r\nCommit message:\r\nAdded sound behaviour to Donkey.","assignee":null,"created_on":"2014-02-23T15:12:16.548462+00:00","version":null,"edited_on":null,"milestone":null,"updated_on":"2014-02-23T15:12:16.548462+00:00","id":18},{"status":"new","priority":"minor","kind":"task","content_updated_on":null,"voters":[],"title":"Add sound to Duck","reporter":"nmb_isep","component":null,"watchers":[],"content":"Add the following method to class Duck.\r\n\r\n```\r\n#!java\r\nvoid makeSound() {\r\n\tSystem.out.println(\"qua qua\");\r\n}\r\n```\r\n\r\nCommit message:\r\nAdded sound behaviour to Duck.","assignee":null,"created_on":"2014-02-23T15:12:51.366875+00:00","version":null,"edited_on":null,"milestone":null,"updated_on":"2014-02-23T15:12:51.366875+00:00","id":19},{"status":"new","priority":"minor","kind":"task","content_updated_on":null,"voters":[],"title":"Add sound to Pig","reporter":"nmb_isep","component":null,"watchers":[],"content":"Add the following method to class Pig.\r\n\r\n```\r\n#!java\r\nvoid makeSound() {\r\n\tSystem.out.println(\"oinc oinc\");\r\n}\r\n```\r\n\r\nCommit message:\r\nAdded sound behaviour to Pig.","assignee":null,"created_on":"2014-02-23T15:13:31.134562+00:00","version":null,"edited_on":null,"milestone":null,"updated_on":"2014-02-23T15:13:31.134562+00:00","id":20},{"status":"new","priority":"minor","kind":"task","content_updated_on":null,"voters":[],"title":"Add sound to Rooster","reporter":"nmb_isep","component":null,"watchers":[],"content":"Add the following method to class Rooster.\r\n\r\n```\r\n#!java\r\nvoid makeSound() {\r\n\tSystem.out.println(\"cócórócócó\");\r\n}\r\n```\r\n\r\nCommit message:\r\nAdded sound behaviour to Rooster.","assignee":null,"created_on":"2014-02-23T15:13:58.884303+00:00","version":null,"edited_on":null,"milestone":null,"updated_on":"2014-02-23T15:13:58.884303+00:00","id":21},{"status":"new","priority":"minor","kind":"task","content_updated_on":null,"voters":[],"title":"Add sound to Sheep","reporter":"nmb_isep","component":null,"watchers":[],"content":"Add the following method to class Sheep.\r\n\r\n```\r\n#!java\r\nvoid makeSound() {\r\n\tSystem.out.println(\"mêêê\");\r\n}\r\n```\r\n\r\nCommit message:\r\nAdded sound behaviour to Sheep.","assignee":null,"created_on":"2014-02-23T15:14:32.991263+00:00","version":null,"edited_on":null,"milestone":null,"updated_on":"2014-02-23T15:14:32.991263+00:00","id":22},{"status":"new","priority":"minor","kind":"task","content_updated_on":null,"voters":[],"title":"Add sound to Turkey","reporter":"nmb_isep","component":null,"watchers":[],"content":"Add the following method to class Turkey.\r\n\r\n```\r\n#!java\r\nvoid makeSound() {\r\n\tSystem.out.println(\"glu glu\");\r\n}\r\n```\r\n\r\nCommit message:\r\nAdded sound behaviour to Turkey.","assignee":null,"created_on":"2014-02-23T15:15:04.524151+00:00","version":null,"edited_on":null,"milestone":null,"updated_on":"2014-02-23T15:15:04.524151+00:00","id":23},{"status":"new","priority":"trivial","kind":"task","content_updated_on":null,"voters":[],"title":"Add fly behaviour to Duck","reporter":"nmb_isep","component":null,"watchers":[],"content":"Add fly behaviour to Duck.\r\n\r\n```\r\n#!java\r\nvoid fly() {\r\n}\r\n```\r\n\r\nCommit message:\r\nAdded fly behaviour to Duck.\r\nFixes issue #? (replace ? by your issue number)","assignee":null,"created_on":"2014-02-23T15:17:11.441331+00:00","version":null,"edited_on":null,"milestone":null,"updated_on":"2014-02-23T15:17:11.441331+00:00","id":24},{"status":"new","priority":"trivial","kind":"task","content_updated_on":null,"voters":[],"title":"Change Duck sound to “qua qua qua”","reporter":"nmb_isep","component":null,"watchers":[],"content":"Change the sound Ducks make to “qua qua qua”.\r\n\r\n```\r\n#!java\r\nSystem.out.println(\"qua qua qua\");\r\n```\r\n\r\nCommit message:\r\nChanged Duck sound to “qua qua qua”.\r\nFixes issue #? (replace ? by your issue number)","assignee":null,"created_on":"2014-02-23T15:17:50.040186+00:00","version":null,"edited_on":null,"milestone":null,"updated_on":"2014-02-23T15:17:50.040186+00:00","id":25},{"status":"new","priority":"trivial","kind":"task","content_updated_on":null,"voters":[],"title":"Add quack behaviour to Duck","reporter":"nmb_isep","component":null,"watchers":[],"content":"Add quack behaviour to Duck.\r\n\r\n```\r\n#!java\r\nvoid quack() {\r\n}\r\n```\r\n\r\nCommit message:\r\nAdded quack behaviour to Duck.\r\nFixes issue #? (replace ? by your issue number)","assignee":null,"created_on":"2014-02-23T15:18:19.472496+00:00","version":null,"edited_on":null,"milestone":null,"updated_on":"2014-02-23T15:18:19.472496+00:00","id":26},{"status":"new","priority":"trivial","kind":"task","content_updated_on":null,"voters":[],"title":"Add swim behaviour to Duck","reporter":"nmb_isep","component":null,"watchers":[],"content":"Add swim behaviour to Duck.\r\n\r\n```\r\n#!java\r\nvoid swim() {\r\n}\r\n```\r\n\r\nCommit message:\r\nAdded swim behaviour to Duck.\r\nFixes issue #? (replace ? by your issue number)","assignee":null,"created_on":"2014-02-23T15:19:02.087912+00:00","version":null,"edited_on":null,"milestone":null,"updated_on":"2014-02-23T15:19:02.087912+00:00","id":27},{"status":"new","priority":"trivial","kind":"task","content_updated_on":null,"voters":[],"title":"Add lay egg behaviour to Duck","reporter":"nmb_isep","component":null,"watchers":[],"content":"Add lay egg behaviour to Duck.\r\n\r\n```\r\n#!java\r\nvoid layEgg() {\r\n}\r\n```\r\n\r\nCommit message:\r\nAdded lay egg behaviour to Duck.\r\nFixes issue #? (replace ? by your issue number)","assignee":null,"created_on":"2014-02-23T15:20:57.413384+00:00","version":null,"edited_on":null,"milestone":null,"updated_on":"2014-02-23T15:20:57.413384+00:00","id":28},{"status":"new","priority":"trivial","kind":"task","content_updated_on":null,"voters":[],"title":"Change Duck sound to “qua”","reporter":"nmb_isep","component":null,"watchers":[],"content":"Change the sound Ducks make to “qua”.\r\n\r\n```\r\n#!java\r\nSystem.out.println(\"qua\");\r\n```\r\n\r\nCommit message:\r\nChanged Duck sound to “qua”.\r\nFixes issue #? (replace ? by your issue number)","assignee":null,"created_on":"2014-02-23T15:21:28.233026+00:00","version":null,"edited_on":null,"milestone":null,"updated_on":"2014-02-23T15:21:28.233026+00:00","id":29},{"status":"new","priority":"trivial","kind":"task","content_updated_on":null,"voters":[],"title":"Add eat behaviour to Duck","reporter":"nmb_isep","component":null,"watchers":[],"content":"Add eat behaviour to Duck.\r\n\r\n```\r\n#!java\r\nvoid eat() {\r\n}\r\n```\r\n\r\nCommit message:\r\nAdded eat behaviour to Duck.\r\nFixes issue #? (replace ? by your issue number)","assignee":null,"created_on":"2014-02-23T15:22:26.467580+00:00","version":null,"edited_on":null,"milestone":null,"updated_on":"2014-02-23T15:22:26.467580+00:00","id":30},{"status":"new","priority":"trivial","kind":"task","content_updated_on":null,"voters":[],"title":"Specify how loud each sound made by a Duck should be","reporter":"nmb_isep","component":null,"watchers":[],"content":"Change makeSound method to accept a loudness argument.\r\n\r\n```\r\n#!java\r\nvoid makeSound(int loudness)\r\n```\r\n\r\nCommit message:\r\nChanged Duck makeSound behaviour to set loudness level.\r\nFixes issue #? (replace ? by your issue number)","assignee":null,"created_on":"2014-02-23T15:23:16.037605+00:00","version":null,"edited_on":null,"milestone":null,"updated_on":"2014-02-23T15:23:16.037605+00:00","id":31},{"status":"new","priority":"trivial","kind":"task","content_updated_on":null,"voters":[],"title":"Add sleep behaviour to Duck","reporter":"nmb_isep","component":null,"watchers":[],"content":"Add sleep behaviour to Duck.\r\n\r\n```\r\n#!java\r\nvoid sleep() {\r\n}\r\n```\r\n\r\nCommit message:\r\nAdded sleep behaviour to Duck.\r\nFixes issue #? (replace ? by your issue number)","assignee":null,"created_on":"2014-02-23T15:24:12.132096+00:00","version":null,"edited_on":null,"milestone":null,"updated_on":"2014-02-23T15:24:12.132096+00:00","id":32},{"status":"new","priority":"trivial","kind":"task","content_updated_on":null,"voters":[],"title":"Add blink behaviour to Duck","reporter":"nmb_isep","component":null,"watchers":[],"content":"Add blink behaviour to Duck.\r\n\r\n```\r\n#!java\r\nvoid blink() {\r\n}\r\n```\r\n\r\nCommit message:\r\nAdded blink behaviour to Duck.\r\nFixes issue #? (replace ? by your issue number)","assignee":null,"created_on":"2014-02-23T15:29:47.658146+00:00","version":null,"edited_on":null,"milestone":null,"updated_on":"2014-02-23T15:29:47.658146+00:00","id":33},{"status":"new","priority":"trivial","kind":"task","content_updated_on":null,"voters":[],"title":"Add shake behaviour to Duck","reporter":"nmb_isep","component":null,"watchers":[],"content":"Add shake behaviour to Duck.\r\n\r\n```\r\n#!java\r\nvoid shake() {\r\n}\r\n```\r\n\r\nCommit message:\r\nAdded shake behaviour to Duck.\r\nFixes issue #? (replace ? by your issue number)","assignee":null,"created_on":"2014-02-23T15:30:45.988247+00:00","version":null,"edited_on":null,"milestone":null,"updated_on":"2014-02-23T15:30:45.988247+00:00","id":34}],"logs":[]}